date,P_mm,ET_mm,R_mm,S_mm,dS,residual,RC
1950-02-01,85.18906,23.992369,22.164497,1007.0205,,,0.26018012
1950-03-01,42.71404,43.512646,26.521133,1015.1003,8.079773,-35.399513,0.6208997
1950-04-01,121.46043,63.802948,37.24777,1017.9177,2.8174438,17.592266,0.30666587
1950-05-01,49.509346,87.06959,59.492386,1001.7329,-16.184814,-80.86781,1.2016395
1950-06-01,39.222668,87.50134,41.99865,933.5032,-68.22974,-22.047592,1.0707749
1950-07-01,23.724318,74.68803,16.378954,858.8303,-74.67285,7.3301926,0.6903867
1950-08-01,50.195644,63.28906,11.663774,825.6766,-33.153748,8.396561,0.23236625
1950-09-01,71.29502,46.75554,10.414638,813.37354,-12.30304,26.427883,0.14607805
1950-10-01,65.61541,37.306076,8.695184,826.5786,13.205078,6.409073,0.1325174
1950-11-01,101.04959,23.39485,12.820275,871.3336,44.755005,20.07946,0.12687112
1950-12-01,126.86746,17.673147,20.088696,931.7403,60.406677,28.698944,0.15834396
1951-01-01,132.51857,17.98375,33.465782,983.38385,51.643555,29.425484,0.25253654
1951-02-01,151.66841,24.758696,64.206215,1032.3745,48.99066,13.712837,0.4233328
1951-03-01,121.60319,43.127876,64.4274,1048.3325,15.958008,-1.9100952,0.5298167
1951-04-01,63.513634,60.04727,52.894634,1028.4116,-19.920898,-29.507374,0.83280754
1951-05-01,102.20859,77.77172,79.03451,1023.7239,-4.687744,-49.909897,0.7732668
1951-06-01,64.97223,85.281525,87.37288,983.296,-40.427856,-67.25432,1.3447727
1951-07-01,61.48448,86.19076,37.746387,925.0982,-58.197815,-4.2548485,0.6139173
1951-08-01,62.04365,70.32738,22.980654,884.63605,-40.46216,9.197779,0.37039492
1951-09-01,92.15651,57.911522,16.80203,868.374,-16.262024,33.70498,0.18232061
1951-10-01,148.76746,42.93327,28.105288,918.8809,50.506897,27.222,0.18892094
1951-11-01,183.04358,28.290205,82.38285,1010.7603,91.879395,-19.508873,0.45007232
1951-12-01,54.588455,15.67933,34.790447,1018.8756,8.115295,-3.9966164,0.6373224
1952-01-01,82.50873,18.037626,30.24645,1030.9924,12.116821,22.107826,0.36658487
1952-02-01,54.954987,24.078848,33.49467,1050.7653,19.772827,-22.39136,0.60949284
1952-03-01,46.221653,42.09235,29.43329,1029.6029,-21.162354,-4.141634,0.63678575
1952-04-01,76.50115,64.6097,32.758617,1014.7574,-14.84552,-6.0216484,0.42821077
1952-05-01,59.867676,86.03011,44.784706,992.40076,-22.356628,-48.590515,0.74806154
1952-06-01,40.55488,86.13821,29.575937,930.7489,-61.651855,-13.507408,0.72928184
1952-07-01,55.659588,80.68745,15.736899,867.5229,-63.226013,22.461254,0.28273475
1952-08-01,52.823715,67.61682,12.712779,842.15045,-25.372437,-2.1334496,0.24066423
1952-09-01,92.92649,49.98818,19.73006,847.7411,5.590637,17.617615,0.21231902
1952-10-01,107.287636,34.797867,27.526197,883.23474,35.493652,9.469917,0.2565645
1952-11-01,91.58525,22.926817,22.804636,915.78394,32.549194,13.304604,0.248999
1952-12-01,129.8671,18.462406,31.863798,969.6113,53.827393,25.713501,0.24535698
1953-01-01,56.510853,15.239228,30.709085,1007.52264,37.911316,-27.348776,0.54341924
1953-02-01,63.046257,22.126352,26.160233,1017.523,10.000366,4.759308,0.4149371
1953-03-01,28.124289,44.86889,25.367002,1009.3466,-8.176392,-33.93521,0.9019607
1953-04-01,104.59223,60.784504,31.887821,1000.7768,-8.569824,20.48973,0.30487752
1953-05-01,78.02639,90.99451,36.534874,990.7596,-10.017212,-39.48578,0.4682374
1953-06-01,130.27849,92.44253,44.230762,993.8163,3.0567017,-9.451504,0.33950934
1953-07-01,60.42982,93.1311,34.799347,954.5999,-39.21637,-28.284256,0.57586384
1953-08-01,76.864555,83.70374,22.090294,908.2696,-46.330322,17.40084,0.28739247
1953-09-01,77.31275,55.484028,18.175497,885.6593,-22.61029,26.263517,0.23509055
1953-10-01,193.08826,41.509533,55.426697,937.72943,52.07013,44.081894,0.2870537
1953-11-01,39.052425,24.022825,38.12284,991.91425,54.184814,-77.27805,0.97619647
1953-12-01,49.88213,15.1916,20.901403,976.2995,-15.614746,29.403872,0.41901585
1954-01-01,80.97509,15.661552,18.356325,993.5443,17.244812,29.712402,0.22669101
1954-02-01,96.49327,18.963736,28.594252,1038.2103,44.666016,4.269264,0.29633415
1954-03-01,108.57907,41.46437,51.708195,1074.7379,36.527588,-21.121082,0.47622618
1954-04-01,95.33915,62.457245,43.442966,1063.5706,-11.167358,0.60629654,0.45566764
1954-05-01,135.42403,83.939064,63.876698,1078.9937,15.423096,-27.81483,0.4716792
1954-06-01,89.952644,96.64887,67.53305,1046.766,-32.22766,-42.001617,0.7507623
1954-07-01,62.842613,91.7684,41.823368,983.73755,-63.028442,-7.7207184,0.6655256
1954-08-01,70.62459,70.3555,29.605398,924.6551,-59.08246,29.74615,0.41919392
1954-09-01,36.373337,51.701046,16.951653,897.5957,-27.059387,-5.2199745,0.46604612
1954-10-01,60.706085,37.35594,13.464324,893.47797,-4.117737,14.003556,0.22179529
1954-11-01,89.04809,22.989237,13.408639,923.81903,30.341064,22.30915,0.1505775
1954-12-01,81.62997,16.531235,19.751133,975.2035,51.38446,-6.0368614,0.24195935
1955-01-01,88.738716,16.921455,19.59564,999.8988,24.695312,27.526306,0.22082402
1955-02-01,118.892944,26.800428,27.860836,1036.3179,36.419067,27.812607,0.23433548
1955-03-01,93.281235,41.027645,46.45569,1069.8043,33.48645,-27.688549,0.49801752
1955-04-01,41.041878,65.2104,39.242992,1046.6293,-23.175049,-40.23647,0.95616955
1955-05-01,58.947857,79.423065,47.05069,1001.40857,-45.220703,-22.305191,0.79817474
1955-06-01,61.000214,79.699684,43.637306,956.8506,-44.557983,-17.778793,0.71536314
1955-07-01,73.269394,88.572014,27.597502,915.9034,-40.947205,-1.952919,0.376658
1955-08-01,68.840706,74.69172,17.56242,890.4438,-25.459595,2.0461617,0.2551168
1955-09-01,116.3637,64.13823,20.384218,897.44116,6.9973755,24.843878,0.17517678
1955-10-01,114.007095,43.804195,20.390778,931.4979,34.056763,15.755356,0.17885534
1955-11-01,79.6586,24.118092,18.995607,986.67096,55.173035,-18.628136,0.23846273
1955-12-01,69.537544,15.415996,19.769331,1012.95886,26.287903,8.064316,0.28429723
1956-01-01,66.462364,16.802965,22.897308,1035.845,22.886108,3.8759842,0.3445154
1956-02-01,89.48156,17.296251,28.205475,1050.3575,14.512573,29.467262,0.31520993
1956-03-01,103.88887,33.99185,48.920147,1081.7329,31.375366,-10.398495,0.4708892
1956-04-01,122.955086,58.706486,66.04623,1090.2931,8.560181,-10.357811,0.53715736
1956-05-01,67.91715,89.040306,63.683876,1062.6111,-27.682007,-57.125023,0.93767
1956-06-01,80.80601,90.547806,46.122917,1019.31537,-43.295715,-12.569,0.57078576
1956-07-01,54.5561,89.378426,32.20206,965.3528,-53.962585,-13.061798,0.5902559
1956-08-01,50.179245,64.38998,23.155931,909.23785,-56.11493,18.748268,0.46146432
1956-09-01,62.319717,47.673885,21.580782,883.6894,-25.548462,18.613512,0.3462914
1956-10-01,67.27325,38.677334,13.457461,890.8383,7.148926,7.989526,0.2000418
1956-11-01,120.76298,22.829573,19.03132,942.3678,51.52948,27.372604,0.15759234
1956-12-01,35.72346,13.41087,12.371444,977.99115,35.623352,-25.682205,0.34631145
1957-01-01,81.954765,16.360468,15.870688,1004.2957,26.304565,23.419044,0.19365181
1957-02-01,79.71632,22.98584,21.067497,1032.6868,28.391052,7.271927,0.26428086
1957-03-01,45.22114,40.951607,27.049877,1036.763,4.076172,-26.856514,0.59816885
1957-04-01,97.95494,63.786,41.31047,1047.5488,10.785889,-17.927418,0.42172933
1957-05-01,140.93095,76.754265,55.853428,1045.8253,-1.7235107,10.046772,0.39631766
1957-06-01,87.48739,96.92452,70.11704,1033.9656,-11.859741,-67.694435,0.8014531
1957-07-01,64.531235,91.98998,36.10958,955.0742,-78.89136,15.323029,0.5595675
1957-08-01,61.63433,73.434456,21.793745,912.53925,-42.534973,8.941101,0.3535975
1957-09-01,48.611526,54.496162,14.831548,891.621,-20.918274,0.20209122,0.3051035
1957-10-01,105.96641,40.995106,16.515373,918.2394,26.618408,21.837517,0.1558548
1957-11-01,129.74594,24.652882,34.994267,978.77997,60.54059,9.558212,0.26971376
1957-12-01,107.3476,16.964203,30.103033,1019.25354,40.47357,19.806793,0.28042576
1958-01-01,66.96152,17.704082,25.78236,1053.5143,34.260742,-10.785667,0.3850325
1958-02-01,73.376274,22.67465,26.081299,1054.7654,1.2510986,23.369225,0.35544595
1958-03-01,101.34955,37.991848,38.081512,1078.0836,23.318237,1.9579506,0.37574428
1958-04-01,144.92549,60.483196,78.8134,1106.7961,28.712524,-23.083633,0.54382014
1958-05-01,52.524014,90.86464,74.74178,1058.4912,-48.30493,-64.77748,1.4230021
1958-06-01,75.014915,88.46124,47.34513,994.2703,-64.22089,3.429428,0.6311429
1958-07-01,50.702267,88.474075,29.190376,947.9473,-46.322998,-20.63919,0.5757213
1958-08-01,51.254036,67.025055,20.116888,896.53925,-51.40808,15.520172,0.39249372
1958-09-01,48.358086,53.78607,13.901204,876.77997,-19.759277,0.43008804,0.2874639
1958-10-01,88.13809,39.103264,21.411453,893.65796,16.87799,10.745384,0.24293076
1958-11-01,152.69325,24.06306,25.197987,947.2088,53.550842,49.881363,0.16502358
1958-12-01,136.66663,17.997953,36.929886,1019.4215,72.21271,9.526077,0.27021876
1959-01-01,61.03764,19.364672,30.751019,1055.7517,36.3302,-25.408253,0.5038042
1959-02-01,26.1579,22.670717,22.51533,1051.9983,-3.753418,-15.274729,0.8607468
1959-03-01,102.53363,40.558754,30.612886,1044.5571,-7.441162,38.803154,0.29856434
1959-04-01,113.73505,66.79461,42.73749,1064.032,19.474854,-15.271908,0.3757636
1959-05-01,95.312065,87.56893,57.309372,1058.6344,-5.397583,-44.168655,0.6012814
1959-06-01,80.81444,99.301865,48.474377,1019.989,-38.645386,-28.316422,0.59982324
1959-07-01,48.642906,99.90372,26.722904,956.4694,-63.519592,-14.464127,0.549369
1959-08-01,68.698944,76.91592,16.490519,909.3592,-47.11023,22.402739,0.24004035
1959-09-01,69.25633,60.036015,13.320211,904.566,-4.793213,0.6933193,0.19233203
1959-10-01,110.75526,41.386463,19.410519,905.72375,1.1577759,48.800495,0.17525595
1959-11-01,154.21407,24.297705,34.694565,984.2727,78.54895,16.672852,0.22497666
1959-12-01,167.22311,20.288391,76.81835,1061.4142,77.14148,-7.0251083,0.4593764
1960-01-01,83.40702,16.011429,45.297207,1068.805,7.390869,14.707516,0.54308623
1960-02-01,106.79234,23.097857,55.986847,1090.2112,21.406128,6.3015137,0.524259
1960-03-01,141.85349,41.81283,71.156784,1099.7502,9.5390625,19.344803,0.50162166
1960-04-01,97.857704,66.21282,65.23786,1099.968,0.21777344,-33.810753,0.6666604
1960-05-01,60.96556,86.0562,79.25365,1078.77,-21.197998,-83.146286,1.2999741
1960-06-01,68.61919,94.07471,60.930504,1011.5399,-67.2301,-19.155922,0.88795143
1960-07-01,64.7581,88.67528,29.411776,959.2639,-52.276,-1.052948,0.45417908
1960-08-01,56.377953,70.622826,23.220264,923.41437,-35.84955,-1.6155891,0.41186783
1960-09-01,137.11183,53.4082,38.377636,920.46814,-2.946228,48.27222,0.27990025
1960-10-01,181.25972,41.19699,69.670135,981.4827,61.014587,9.378006,0.38436633
1960-11-01,114.835434,22.974932,62.000065,1020.6752,39.192444,-9.332005,0.5399036
1960-12-01,149.82979,18.738766,71.43132,1055.1592,34.48401,25.17569,0.47674978
1961-01-01,110.77436,16.56022,67.11116,1080.2551,25.095947,2.0070343,0.6058366
1961-02-01,36.915268,24.57575,36.08489,1070.2738,-9.981323,-13.764048,0.9775058
1961-03-01,24.366533,46.497078,28.573647,1036.3713,-33.902466,-16.801727,1.1726595
1961-04-01,107.39157,61.202557,40.501446,1016.829,-19.542358,25.229927,0.37713802
1961-05-01,83.11109,85.569855,44.740967,1016.534,-0.2949829,-46.904747,0.5383273
1961-06-01,70.47856,90.137955,48.531742,996.0307,-20.503296,-47.687836,0.6886029
1961-07-01,64.36546,87.1541,28.967403,932.414,-63.6167,11.860661,0.45004576
1961-08-01,27.856674,69.63211,15.544313,884.7428,-47.671204,-9.648544,0.5580104
1961-09-01,26.025507,45.98993,9.561934,848.5347,-36.20807,6.681713,0.36740628
1961-10-01,124.948715,41.0092,16.859304,874.1973,25.662598,41.41761,0.13492979
1961-11-01,141.90147,24.002766,28.440426,940.2059,66.008545,23.449738,0.20042375
1961-12-01,76.36166,15.680242,22.650223,982.89246,42.686584,-4.6553917,0.29661775
1962-01-01,67.69879,17.697474,25.451214,1011.5844,28.691956,-4.1418495,0.37594783
1962-02-01,63.342754,22.220026,21.301899,1017.0935,5.509094,14.311733,0.33629575
1962-03-01,118.92038,38.30734,39.78014,1050.8494,33.75586,7.077038,0.3345107
1962-04-01,98.43573,66.45872,49.463943,1055.4991,4.6497803,-22.136711,0.5024999
1962-05-01,76.66373,79.625175,61.186813,1028.2231,-27.276001,-36.87226,0.7981195
1962-06-01,63.647335,84.75629,60.657837,984.53674,-43.6864,-38.080383,0.9530303
1962-07-01,45.336136,86.97537,29.896746,921.9779,-62.558838,-8.977142,0.6594463
1962-08-01,29.195482,64.41637,15.550996,866.73755,-55.240356,4.4684753,0.53265077
1962-09-01,54.888813,46.167713,9.993366,838.608,-28.129578,26.857311,0.18206564
1962-10-01,84.352196,39.216896,9.477593,852.07654,13.468567,22.18914,0.1123574
1962-11-01,177.697,25.848042,30.556736,949.6675,97.59094,23.701294,0.17195977
1962-12-01,90.037056,16.842623,20.82528,999.1888,49.5213,2.8478546,0.23129676
1963-01-01,99.45307,15.9433775,44.832535,1045.981,46.792175,-8.115013,0.45079085
1963-02-01,108.49085,18.497662,48.984745,1064.5994,18.618408,22.390041,0.45151037
1963-03-01,89.31711,36.9642,51.732567,1070.7905,6.191162,-5.57082,0.5792011
1963-04-01,102.963875,61.41812,71.60859,1076.8751,6.0845947,-36.14743,0.69547296
1963-05-01,102.37866,84.449905,71.438416,1056.9604,-19.914673,-33.594986,0.69778615
1963-06-01,92.22597,93.008675,61.290073,1034.6716,-22.288818,-39.783962,0.6645642
1963-07-01,78.29463,97.798515,34.341713,971.5601,-63.11151,9.265915,0.43862155
1963-08-01,89.68555,81.06156,29.89418,938.2414,-33.318726,12.048531,0.33332217
1963-09-01,104.52466,60.38812,37.103947,943.3432,5.1018066,1.9307861,0.35497794
1963-10-01,93.91068,44.075085,29.915035,966.5829,23.239685,-3.3191223,0.31854773
1963-11-01,141.35432,24.3132,53.99062,998.80005,32.217163,30.83334,0.38195238
1963-12-01,104.52611,17.33036,41.36165,1033.8948,35.094727,10.739372,0.3957064
1964-01-01,30.161886,14.249454,28.263796,1044.8817,10.986938,-23.338303,0.9370699
1964-02-01,69.56877,20.732195,25.682417,1042.0997,-2.7819824,25.936144,0.3691659
1964-03-01,138.04012,38.69855,49.97231,1075.7671,33.66736,15.7019005,0.36201295
1964-04-01,88.15835,66.55886,69.831604,1086.2336,10.466553,-58.69867,0.7921156
1964-05-01,66.53409,84.32041,58.08878,1031.0314,-55.20227,-20.672836,0.8730679
1964-06-01,84.646484,97.36305,37.094563,982.6485,-48.382874,-1.428257,0.4382292
1964-07-01,65.40761,96.87107,23.153137,944.0181,-38.63037,-15.986229,0.35398233
1964-08-01,75.30119,77.97725,16.572336,903.728,-40.2901,21.041708,0.22008066
1964-09-01,40.5202,58.595497,10.8446455,884.8608,-18.867249,-10.052696,0.26763555
1964-10-01,207.67918,42.851105,39.387947,935.38043,50.519653,74.92048,0.18965766
1964-11-01,83.137665,23.919312,25.861275,1010.1643,74.783875,-41.426796,0.31106567
1964-12-01,123.57258,17.61907,36.331364,1040.8287,30.664429,38.957718,0.2940083
1965-01-01,93.65896,17.274431,46.014748,1080.3727,39.543945,-9.174164,0.4913011
1965-02-01,50.439888,21.483004,38.200127,1084.8842,4.5114746,-13.754717,0.75733966
1965-03-01,94.9803,41.16158,53.739292,1093.7742,8.890015,-8.810585,0.5657941
1965-04-01,87.325035,62.657997,42.09304,1072.1593,-21.614868,4.1888657,0.48202717
1965-05-01,92.0417,84.751274,51.162605,1043.2697,-28.889648,-14.982529,0.5558633
1965-06-01,61.65676,89.730446,60.63473,1024.3833,-18.886353,-69.82207,0.9834239
1965-07-01,60.209152,83.39039,37.45556,952.7419,-71.64142,11.004623,0.62209076
1965-08-01,108.765816,72.90937,31.817234,921.9051,-30.836792,34.876003,0.29252973
1965-09-01,191.98967,60.620235,73.24151,970.0729,48.167786,9.960136,0.3814867
1965-10-01,40.837177,41.88835,34.017876,977.00037,6.92749,-41.99654,0.8330124
1965-11-01,133.3462,25.982273,31.104517,990.5726,13.572205,62.687218,0.23326136
1965-12-01,76.36826,16.75905,34.945118,1028.3503,37.77777,-13.113674,0.4575869
1966-01-01,82.125275,15.992326,37.798748,1041.489,13.138672,15.19553,0.4602572
1966-02-01,94.77801,22.538363,43.81675,1063.7458,22.256836,6.1660614,0.46230924
1966-03-01,62.16198,47.055138,41.376865,1064.4967,0.7508545,-27.020878,0.6656298
1966-04-01,102.69489,61.849113,41.48067,1046.5474,-17.94934,17.31445,0.40392146
1966-05-01,98.235085,91.30515,56.76365,1051.5062,4.9588623,-54.79258,0.5778348
1966-06-01,63.621853,101.80636,43.305992,1002.95795,-48.54828,-32.942215,0.68067795
1966-07-01,97.62301,88.44707,32.96427,953.506,-49.451965,25.663635,0.33766907
1966-08-01,120.03588,74.623085,45.748764,940.66223,-12.84375,12.507782,0.38112575
1966-09-01,78.56839,58.51076,29.533892,934.12,-6.5422363,-2.9340267,0.37590042
1966-10-01,185.10439,44.259136,61.76664,982.41046,48.290466,30.78814,0.33368546
1966-11-01,158.63374,26.113352,86.25831,1043.2622,60.851746,-14.589668,0.5437576
1966-12-01,82.55047,16.92144,52.57586,1056.9071,13.644897,-0.5917282,0.6368935
1967-01-01,48.31182,14.263277,35.32658,1051.5403,-5.3668213,4.088787,0.7312202
1967-02-01,72.01669,20.242079,28.79883,1051.4056,-0.13464355,23.110426,0.39989105
1967-03-01,67.47749,45.702137,31.463505,1051.7997,0.39404297,-10.082191,0.46628147
1967-04-01,97.351494,62.61928,38.21321,1044.9163,-6.883423,3.4024239,0.39252824
1967-05-01,78.18266,85.46893,53.11407,1032.1129,-12.803345,-47.596996,0.67935866
1967-06-01,86.80576,89.50047,53.196236,1001.7902,-30.322693,-25.568253,0.6128192
1967-07-01,60.192974,93.112175,36.541706,946.4105,-55.3797,-14.081207,0.6070759
1967-08-01,93.18397,76.32004,27.608585,917.0199,-29.390625,18.64597,0.2962804
1967-09-01,98.310326,59.78338,29.491493,931.5073,14.487427,-5.451973,0.29998368
1967-10-01,45.62144,38.376625,20.745716,917.6965,-13.810852,0.30995178,0.4547361
1967-11-01,119.31403,23.442307,28.94664,945.7124,28.01593,38.909157,0.24260885
1967-12-01,93.23035,18.272085,25.313728,986.65,40.937622,8.706909,0.2715181
1968-01-01,69.43657,18.19516,23.520834,1024.7246,38.074585,-10.35401,0.3387384
1968-02-01,116.74128,22.253614,42.029648,1052.1687,27.444092,25.013924,0.3600239
1968-03-01,46.006992,44.456295,41.465656,1052.3956,0.22692871,-40.141888,0.9012903
1968-04-01,78.376976,64.05945,40.732964,1025.5859,-26.809692,0.3942566,0.5197057
1968-05-01,121.16641,75.90319,60.734356,1008.43726,-17.148682,1.6775475,0.50124747
1968-06-01,118.66533,93.53095,59.915806,1025.5908,17.153564,-51.934994,0.50491416
1968-07-01,67.52577,94.61806,35.510956,965.87256,-59.71826,-2.8849792,0.5258874
1968-08-01,125.88186,75.66544,36.48269,945.8828,-19.989746,33.723473,0.2898169
1968-09-01,88.73452,60.032093,39.206,957.06976,11.186951,-21.690525,0.44183484
1968-10-01,48.23229,36.79685,25.876911,942.3594,-14.710388,0.26891708,0.536506
1968-11-01,159.22116,24.027605,60.31144,988.0626,45.703247,29.178871,0.37879035
1968-12-01,123.959274,18.002419,46.60594,1030.2026,42.140015,17.2109,0.37597784
1969-01-01,86.900375,15.552973,45.689644,1059.967,29.764404,-4.1066437,0.52577037
1969-02-01,121.51977,21.468557,54.165348,1077.3704,17.40332,28.48254,0.4457328
1969-03-01,116.914925,38.321156,72.44391,1101.4008,24.030396,-17.880539,0.61962926
1969-04-01,86.33286,63.158516,59.50558,1090.8959,-10.504883,-25.826351,0.68925756
1969-05-01,91.345955,87.76922,78.80423,1066.3568,-24.539062,-50.68843,0.8627008
1969-06-01,86.451935,89.37547,52.79647,1019.8835,-46.473328,-9.246681,0.6107032
1969-07-01,68.75975,92.79443,34.715954,966.96295,-52.920532,-5.830105,0.5048877
1969-08-01,94.540375,80.31445,22.595644,925.91254,-41.050415,32.680695,0.23900522
1969-09-01,100.056656,63.5789,21.512003,944.74054,18.828003,-3.8622494,0.21499822
1969-10-01,30.698254,43.70485,13.212369,937.0174,-7.7231445,-18.49582,0.4303948
1969-11-01,122.39545,24.622557,23.223595,950.02563,13.00824,61.541054,0.18974231
1969-12-01,111.0123,18.031332,25.829964,1019.58453,69.5589,-2.407898,0.2326766
1970-01-01,107.45312,15.060431,47.699146,1069.6152,50.0307,-5.337162,0.44390658
1970-02-01,73.05838,25.110514,34.546413,1075.9327,6.317505,7.08395,0.47286037
1970-03-01,108.54317,40.010715,49.651787,1087.1558,11.223022,7.657646,0.45743817
1970-04-01,74.38255,64.040276,49.44587,1066.4237,-20.732056,-18.371536,0.66475093
1970-05-01,84.23363,78.79799,57.69414,1040.0442,-26.379517,-25.878986,0.68493
1970-06-01,72.77657,90.05395,60.269505,1004.233,-35.81122,-41.735657,0.8281443
1970-07-01,53.926594,87.70761,31.217756,947.6552,-56.57776,-8.421013,0.57889354
1970-08-01,82.2871,71.24726,22.836376,910.81757,-36.837646,25.041111,0.27752072
1970-09-01,61.086956,58.11166,21.106384,903.979,-6.838562,-11.292526,0.34551376
1970-10-01,75.51344,41.554672,18.253504,910.30786,6.3288574,9.37641,0.24172522
1970-11-01,93.78377,22.751286,21.229673,930.55194,20.24408,29.558731,0.22636831
1970-12-01,106.35189,15.575688,20.605404,963.32245,32.770508,37.400284,0.19374742
1971-01-01,111.499565,16.00635,33.153454,1023.4833,60.160828,2.178936,0.29734156
1971-02-01,68.780975,24.371788,33.06649,1053.8804,30.397095,-19.054398,0.48075053
1971-03-01,122.16255,37.346535,48.358498,1069.318,15.437622,21.019897,0.3958537
1971-04-01,97.80503,61.309826,67.01782,1090.8059,21.487915,-52.010532,0.6852186
1971-05-01,109.67591,83.93494,80.173676,1069.4907,-21.315186,-33.117516,0.7310053
1971-06-01,99.26908,90.6926,63.052006,1043.7139,-25.776855,-28.698666,0.6351626
1971-07-01,59.20291,98.7493,34.02685,977.8414,-65.8725,-7.7007446,0.57474965
1971-08-01,59.802814,75.05828,21.75284,919.8755,-57.96588,20.957573,0.36374274
1971-09-01,80.52965,59.327976,15.072234,909.0088,-10.866699,16.996136,0.18716379
1971-10-01,40.196327,43.236744,10.682802,916.0956,7.086792,-20.81001,0.26576564
1971-11-01,158.78113,26.534153,22.663113,945.8413,29.745728,79.838135,0.14273177
1971-12-01,56.217777,14.618709,18.7433,1005.5842,59.74292,-36.887154,0.3334052
1972-01-01,131.29926,17.124483,30.487062,1046.3307,40.74646,42.941254,0.23219524
1972-02-01,151.9536,24.218084,73.61817,1098.7213,52.390625,1.7267151,0.48447797
1972-03-01,92.97076,45.789314,81.11243,1112.9497,14.228394,-48.159378,0.87245095
1972-04-01,151.55435,61.00697,65.46121,1097.413,-15.536743,40.62291,0.43193224
1972-05-01,106.94731,85.90372,78.22053,1111.6599,14.246948,-71.42388,0.7313931
1972-06-01,95.89536,89.44298,83.45874,1066.9744,-44.685547,-32.32081,0.8703105
1972-07-01,118.252846,94.3103,51.104733,1021.6245,-45.349854,18.187664,0.43216494
1972-08-01,99.451385,85.82194,32.755287,997.4392,-24.185303,5.0594635,0.3293598
1972-09-01,147.36179,60.18724,42.449078,1033.7675,36.328247,8.397221,0.28806028
1972-10-01,107.003174,40.922874,38.41542,1061.3174,27.549927,0.11495209,0.35901198
1972-11-01,73.909615,24.383041,34.306564,1070.2483,8.930908,6.2891006,0.46416917
1972-12-01,110.0283,15.86877,50.37213,1092.013,21.764648,22.02275,0.4578107
1973-01-01,111.846,18.1697,69.29661,1130.0754,38.0625,-13.682808,0.6195716
1973-02-01,74.34946,24.919577,51.016407,1132.7872,2.711792,-4.298321,0.6861705
1973-03-01,74.53435,40.004612,48.994267,1115.974,-16.813232,2.3487015,0.6573381
1973-04-01,99.94793,63.057507,48.217327,1110.9896,-4.984375,-6.3425293,0.48242447
1973-05-01,55.225857,83.36133,62.307938,1078.1234,-32.86621,-57.577194,1.1282384
1973-06-01,98.43077,91.0158,54.476192,1031.0989,-47.024536,-0.036685944,0.55344677
1973-07-01,86.80809,88.790306,40.730057,981.82434,-49.274536,6.5622635,0.46919656
1973-08-01,76.98269,76.67897,25.342005,939.7724,-42.05194,17.013655,0.32919094
1973-09-01,136.12796,63.503525,31.124067,944.77435,5.001953,36.498413,0.22863832
1973-10-01,90.29723,44.67581,34.235718,1000.8896,56.115234,-44.72953,0.3791447
1973-11-01,41.80602,22.545668,20.109943,999.0889,-1.8006592,0.951067,0.48102987
1973-12-01,105.94596,14.743262,24.478247,1019.6556,20.56665,46.1578,0.23104464
1974-01-01,55.875484,15.977505,25.666218,1054.9552,35.29962,-21.06786,0.45934668
1974-02-01,128.23999,26.161287,46.183304,1077.0359,22.080688,33.814713,0.36013183
1974-03-01,97.12518,41.554306,50.08673,1090.683,13.647095,-8.162949,0.51569253
1974-04-01,142.95564,61.606903,54.894657,1099.3667,8.683716,17.770367,0.38399783
1974-05-01,77.32628,84.818016,72.57716,1106.1294,6.7626953,-86.8316,0.93858343
1974-06-01,77.11567,88.27828,61.029453,1038.8925,-67.23694,-4.955124,0.79140145
1974-07-01,53.519814,90.88169,40.079063,982.56616,-56.326294,-21.114647,0.74886405
1974-08-01,73.818245,75.23838,21.898026,927.76886,-54.797302,31.479141,0.29664788
1974-09-01,97.10306,60.933907,18.3869,927.40546,-0.36340332,18.145655,0.1893545
1974-10-01,108.29643,41.1406,20.16228,975.48334,48.07788,-1.0843201,0.18617676
1974-11-01,89.18945,22.231411,22.84323,1014.8492,39.365845,4.7489624,0.2561203
1974-12-01,35.129597,15.035145,18.400267,1019.22375,4.3745728,-2.6803875,0.52378243
1975-01-01,50.34482,14.821077,19.064629,1020.2563,1.0325317,15.426582,0.37868106
1975-02-01,69.42357,24.343054,20.581635,1042.1132,21.856873,2.642006,0.29646465
1975-03-01,145.78722,41.908817,41.45813,1067.6407,25.527588,36.892685,0.28437424
1975-04-01,75.28278,65.12959,59.9123,1071.4015,3.7607422,-53.51985,0.79583
1975-05-01,121.75274,80.35986,70.52219,1053.2985,-18.103027,-11.026283,0.57922465
1975-06-01,83.47535,88.55998,66.85936,1024.0087,-29.289795,-42.654198,0.80094737
1975-07-01,40.500744,88.97746,40.39337,959.21484,-64.79382,-24.076263,0.9973489
1975-08-01,100.78395,71.79605,22.866325,911.92346,-47.29138,53.412956,0.22688459
1975-09-01,71.40629,61.648792,22.172365,933.32684,21.403381,-33.818253,0.31050998
1975-10-01,101.00453,40.98459,23.355793,947.13434,13.807495,22.856655,0.2312351
1975-11-01,139.9103,23.702324,33.669224,992.7297,45.595337,36.943405,0.24064866
1975-12-01,71.91005,14.191659,35.95634,1038.2965,45.566833,-23.804783,0.5000183
1976-01-01,38.53848,16.164589,26.325592,1026.7689,-11.527588,7.575886,0.6830989
1976-02-01,88.9212,22.930952,28.907541,1054.4993,27.730347,9.352364,0.32509166
1976-03-01,71.741005,40.740818,31.438713,1063.6567,9.157471,-9.595997,0.43822515
1976-04-01,99.12163,63.712154,34.903885,1059.6469,-4.0098877,4.515476,0.35213187
1976-05-01,76.319664,88.8232,51.307655,1057.2871,-2.3597412,-61.451447,0.6722731
1976-06-01,73.39413,101.6186,36.532833,1010.69336,-46.59375,-18.163559,0.49776235
1976-07-01,94.776085,97.38092,24.357866,959.73376,-50.959595,23.996893,0.25700435
1976-08-01,109.41715,79.89431,22.663155,952.0044,-7.72937,14.589058,0.20712616
1976-09-01,127.08374,59.088585,49.006527,982.57184,30.567444,-11.578815,0.3856239
1976-10-01,215.42265,42.361675,90.01579,1014.8265,32.25464,50.790543,0.41785666
1976-11-01,147.82393,25.120243,92.600426,1085.4683,70.641785,-40.53852,0.6264238
1976-12-01,116.36536,18.012232,66.16367,1098.2456,12.777344,19.41211,0.56858563
1977-01-01,133.41635,17.006348,69.27799,1113.2787,15.033081,32.09893,0.51926166
1977-02-01,85.62603,24.63461,58.5117,1111.1407,-2.1379395,4.6176605,0.6833401
1977-03-01,92.529495,44.656624,59.992096,1087.4349,-23.70581,11.586586,0.64835644
1977-04-01,77.64098,64.14843,52.900944,1072.1935,-15.241455,-24.166935,0.68135333
1977-05-01,127.3793,75.72663,95.85716,1055.2009,-16.992554,-27.211937,0.75253326
1977-06-01,70.75083,84.77024,78.637405,1016.5075,-38.69342,-53.963394,1.1114697
1977-07-01,82.884285,81.13366,48.871407,959.00824,-57.499268,10.378487,0.5896342
1977-08-01,140.97118,73.57774,50.192562,949.9533,-9.054932,26.255802,0.3560484
1977-09-01,71.46258,61.740887,34.448082,961.3064,11.353088,-36.07948,0.48204365
1977-10-01,84.60629,37.701317,40.931297,967.5988,6.2924194,-0.31874084,0.4837855
1977-11-01,76.37013,23.65936,21.500696,966.2253,-1.3735352,32.58361,0.2815328
1977-12-01,67.72649,14.38691,23.07031,999.2297,33.004395,-2.7351284,0.3406394
1978-01-01,153.48346,18.917572,44.863907,1027.5785,28.348816,61.353165,0.29230452
1978-02-01,115.98868,20.42954,46.788136,1062.028,34.449463,14.321537,0.40338537
1978-03-01,90.026955,45.639652,62.357067,1075.1437,13.115723,-31.085487,0.6926488
1978-04-01,150.9878,58.476833,68.0892,1089.8805,14.736816,9.684937,0.45095834
1978-05-01,121.49763,78.45085,87.79704,1090.7417,0.86120605,-45.611473,0.7226235
1978-06-01,82.92193,91.85352,87.276825,1049.4537,-41.287964,-54.920456,1.052518
1978-07-01,60.86455,84.67631,56.40655,993.7957,-55.65802,-24.560287,0.92675537
1978-08-01,78.92503,70.438126,36.87383,944.9869,-48.808838,20.421917,0.46720067
1978-09-01,46.126953,59.445183,17.170023,917.3446,-27.642273,-2.8459797,0.37223405
1978-10-01,119.4939,42.950172,27.25559,952.7005,35.355896,13.932236,0.22809191
1978-11-01,37.975586,20.588602,11.197039,946.4703,-6.2302246,12.42017,0.29484835
1978-12-01,102.854225,15.32385,17.041517,982.6367,36.166443,34.32241,0.16568612
1979-01-01,114.18404,16.883434,35.80963,1031.3843,48.74756,12.743408,0.3136133
1979-02-01,126.359955,24.020718,63.825558,1080.7404,49.35608,-10.842403,0.5051091
1979-03-01,123.04556,42.50909,63.828037,1082.0698,1.3294678,15.378963,0.518735
1979-04-01,117.353325,60.941288,56.864445,1081.8301,-0.2397461,-0.21266174,0.4845576
1979-05-01,38.947605,86.94788,66.26907,1051.9164,-29.913696,-84.35565,1.7014929
1979-06-01,82.730225,90.740974,65.77743,992.72003,-59.19635,-14.591827,0.7950834
1979-07-01,65.31841,88.76654,30.491302,950.0458,-42.674255,-11.265175,0.46681023
1979-08-01,95.240395,74.7713,24.271652,916.96387,-33.08191,29.27935,0.2548462
1979-09-01,90.50315,55.18314,22.387295,910.733,-6.230896,19.163612,0.2473648
1979-10-01,165.0616,41.92066,53.47022,962.5362,51.803223,17.867508,0.323941
1979-11-01,120.827774,25.482313,46.070904,1025.9312,63.39496,-14.120403,0.38129398
1979-12-01,108.720795,18.23775,37.968586,1036.3025,10.371338,42.143124,0.3492302
1980-01-01,96.37985,16.526472,44.931465,1071.0325,34.72998,0.19193268,0.46619147
1980-02-01,30.710333,23.689108,43.402496,1067.6406,-3.3918457,-32.989426,1.4132864
1980-03-01,124.46764,40.26283,43.252583,1061.0544,-6.5861816,47.538418,0.34750062
1980-04-01,63.71423,62.371166,36.725655,1060.1233,-0.93115234,-34.45144,0.57641214
1980-05-01,139.94508,75.244316,60.22275,1074.3777,14.254395,-9.776379,0.43033132
1980-06-01,92.84066,94.54425,74.16133,1065.3887,-8.989014,-66.87591,0.79880226
1980-07-01,63.001354,88.170425,57.752228,1005.6193,-59.76935,-23.151947,0.9166823
1980-08-01,69.078125,75.41069,30.260033,941.7504,-63.868896,27.276299,0.43805522
1980-09-01,29.422895,54.468586,14.267563,913.5335,-28.216919,-11.096336,0.48491362
1980-10-01,158.3628,40.678898,35.246284,940.09424,26.56073,55.876884,0.22256671
1980-11-01,138.30038,23.24574,40.474655,1011.7225,71.628235,2.9517517,0.29265758
1980-12-01,65.765015,16.126217,36.86677,1043.3785,31.656067,-18.88404,0.56058335
1981-01-01,60.30758,17.792372,33.26657,1044.591,1.2124023,8.036232,0.5516151
1981-02-01,52.025368,20.109396,26.382206,1042.7477,-1.8432617,7.3770275,0.5071027
1981-03-01,86.78638,40.03984,38.482323,1047.828,5.0803223,3.1838913,0.44341433
1981-04-01,79.658104,64.72918,45.811855,1048.8143,0.9863281,-31.869259,0.575106
1981-05-01,103.75358,83.578705,53.215496,1033.337,-15.477295,-17.563328,0.51290274
1981-06-01,81.53197,89.90898,51.616215,985.1221,-48.214966,-11.778263,0.63307947
1981-07-01,95.640564,90.46829,41.744537,959.069,-26.0531,-10.519165,0.43647313
1981-08-01,60.14705,78.5756,25.895353,920.56104,-38.507935,-5.8159714,0.43053406
1981-09-01,148.30553,55.804638,40.426285,924.47986,3.9188232,48.155777,0.27258787
1981-10-01,104.08746,39.131233,39.214108,957.82465,33.344788,-7.602665,0.3767419
1981-11-01,24.641577,21.859758,23.328098,963.11487,5.290222,-25.836502,0.94669664
1981-12-01,144.27731,18.518045,30.824896,980.4462,17.33136,77.60301,0.21365033
1982-01-01,47.30505,15.548931,29.26104,1012.995,32.548767,-30.053688,0.6185606
1982-02-01,49.05715,20.866774,21.90378,1008.57465,-4.420349,10.706947,0.44649515
1982-03-01,97.64115,43.90545,27.99853,1028.4839,19.90924,5.8279324,0.28674927
1982-04-01,53.283703,62.03122,28.357447,1023.6416,-4.842285,-32.26268,0.53219736
1982-05-01,73.88505,82.76836,50.353924,1008.17175,-15.469849,-43.767384,0.6815171
1982-06-01,60.361217,86.79975,51.769657,956.1905,-51.981262,-26.226929,0.8576642
1982-07-01,74.45554,82.994125,26.439579,898.9391,-57.251404,22.273243,0.35510558
1982-08-01,94.15647,72.94189,25.86515,887.3436,-11.595459,6.944893,0.27470392
1982-09-01,87.34779,59.65933,28.363417,896.07306,8.729431,-9.404383,0.32471818
1982-10-01,148.84236,41.604076,42.0814,935.0406,38.96753,26.189346,0.28272462
1982-11-01,128.87746,24.206224,48.948784,976.5738,41.533203,14.189247,0.37980872
1982-12-01,107.329704,19.347166,52.782085,1020.23413,43.66034,-8.459888,0.49177518
1983-01-01,27.478651,16.232227,30.339552,1012.70856,-7.5255737,-11.567554,1.1041136
1983-02-01,79.78354,21.349043,26.373926,1013.08044,0.3718872,31.688683,0.33056852
1983-03-01,106.97996,41.69728,36.860607,1026.9675,13.887085,14.534985,0.34455618
1983-04-01,81.54891,62.58231,51.53594,1039.4108,12.443237,-45.012573,0.63196355
1983-05-01,103.561455,73.82334,76.3157,1003.6579,-35.75287,-10.824715,0.7369122
1983-06-01,71.549805,83.828354,59.998318,957.23206,-46.425842,-25.851028,0.8385532
1983-07-01,33.638573,90.034966,34.027393,907.62244,-49.60962,-40.814163,1.0115588
1983-08-01,92.562515,71.75077,17.745129,866.3551,-41.267334,44.33395,0.19170967
1983-09-01,75.08735,59.00297,18.63627,875.20294,8.847839,-11.399733,0.24819455
1983-10-01,65.8304,40.490765,12.244267,870.00256,-5.2003784,18.295746,0.18599716
1983-11-01,51.413975,22.289532,9.264375,897.1412,27.13861,-7.2785416,0.18019176
1983-12-01,121.12122,16.336435,18.151155,938.0323,40.891113,45.742523,0.14985941
1984-01-01,71.92161,17.821222,15.205982,983.93274,45.90045,-7.0060463,0.2114244
1984-02-01,106.36879,22.888857,23.935225,1011.43036,27.49762,32.04709,0.22502112
1984-03-01,96.70807,40.99353,37.101963,1048.8468,37.416443,-18.803867,0.38364908
1984-04-01,97.473526,62.285168,49.209435,1060.8835,12.036743,-26.05782,0.50484926
1984-05-01,160.05264,75.57517,82.44333,1065.0486,4.165039,-2.1308975,0.5151013
1984-06-01,63.154427,88.65004,82.13368,1036.3154,-28.733154,-78.89614,1.3005214
1984-07-01,28.005165,86.01766,38.747936,945.7138,-90.60162,-6.1588135,1.3835996
1984-08-01,91.6178,71.87862,21.232292,910.8275,-34.88629,33.39318,0.23174855
1984-09-01,124.05996,55.63923,26.228157,921.6481,10.820557,31.372017,0.21141517
1984-10-01,104.30291,40.44938,40.590645,980.5297,58.881653,-35.618767,0.3891612
1984-11-01,95.67111,23.926798,29.318754,993.6231,13.093384,29.332176,0.3064536
1984-12-01,86.57897,17.203568,30.056976,1029.5042,35.881042,3.4373856,0.34716254
1985-01-01,117.2339,14.70353,40.070915,1058.3872,28.883057,33.5764,0.34180313
1985-02-01,47.708527,20.536541,41.353207,1077.5226,19.135376,-33.316597,0.86678857
1985-03-01,156.11728,41.357887,69.48892,1098.839,21.316406,23.954063,0.4451072
1985-04-01,72.91946,65.76985,58.07473,1077.7621,-21.076904,-29.84822,0.79642296
1985-05-01,112.38084,81.275734,75.04168,1062.7562,-15.005859,-28.930717,0.66774446
1985-06-01,69.771255,88.88034,60.46483,1013.43286,-49.323364,-30.25055,0.8666152
1985-07-01,42.68553,86.56878,31.04059,946.6078,-66.82507,-8.0987625,0.7271923
1985-08-01,68.295334,69.61499,27.032814,903.2461,-43.361694,15.009224,0.39582226
1985-09-01,30.422203,50.20053,14.880917,875.6601,-27.585999,-7.073246,0.4891466
1985-10-01,57.901623,31.906052,10.213669,855.0699,-20.59021,36.372112,0.17639694
1985-11-01,127.04808,24.197115,15.569866,914.521,59.45111,27.829987,0.12255097
1985-12-01,52.5876,13.450145,10.825629,956.029,41.507996,-13.196171,0.20585898
1986-01-01,122.709915,19.65341,21.133896,992.5913,36.562317,45.36029,0.17222647
1986-02-01,108.26939,20.755493,34.66936,1040.4188,47.827515,5.0170174,0.32021388
1986-03-01,99.91963,39.361256,56.45901,1075.936,35.517212,-31.417847,0.5650442
1986-04-01,153.08383,60.67688,74.784096,1071.183,-4.7530518,22.375908,0.48851728
1986-05-01,68.714485,87.27457,97.29587,1054.4233,-16.759644,-99.096306,1.4159441
1986-06-01,86.77451,92.92563,54.34639,1007.92773,-46.495605,-14.0019,0.6262944
1986-07-01,78.998764,98.19213,29.47633,959.74,-48.187744,-0.48195267,0.37312394
1986-08-01,58.823208,75.55593,19.359213,911.0764,-48.663574,12.57164,0.32910842
1986-09-01,56.17356,53.988174,14.750226,895.5885,-15.487915,2.9230757,0.26258308
1986-10-01,46.3898,40.259827,10.185756,881.43054,-14.157959,10.102178,0.21956886
1986-11-01,70.70759,22.465916,10.542165,908.8731,27.442566,10.256943,0.14909524
1986-12-01,43.196007,15.607322,7.5507016,929.6318,20.758667,-0.72068405,0.17480092
1987-01-01,101.22345,17.16609,11.803118,961.6827,32.050903,40.20334,0.11660458
1987-02-01,110.917984,19.990225,24.529156,1014.57654,52.89386,13.5047455,0.22114679
1987-03-01,64.851906,38.019924,28.652876,1036.102,21.525513,-23.346407,0.4418201
1987-04-01,67.87085,64.064186,43.769062,1036.6913,0.5892334,-40.551632,0.6448875
1987-05-01,91.935905,80.0733,47.67257,1008.1177,-28.573608,-7.2363586,0.51854134
1987-06-01,77.39027,90.00567,51.55176,974.1407,-33.97699,-30.19017,0.6661272
1987-07-01,83.029175,89.09808,43.179726,924.811,-49.329712,0.081077576,0.5200549
1987-08-01,63.02185,68.91418,27.688908,886.50226,-38.308716,4.727482,0.4393541
1987-09-01,54.835686,54.469883,16.736637,867.9633,-18.53894,2.168106,0.30521435
1987-10-01,127.6184,36.856644,39.90535,897.83154,29.868225,20.988182,0.31269276
1987-11-01,123.74262,25.860441,28.038864,930.63666,32.805115,37.0382,0.22659019
1987-12-01,58.660168,14.256921,28.92174,989.50665,58.869995,-43.38849,0.4930388
1988-01-01,93.496574,18.340366,25.80501,999.2529,9.746277,39.60492,0.27599952
1988-02-01,62.950394,27.444044,26.846075,1021.0254,21.77246,-13.112188,0.42646396
1988-03-01,89.79981,46.568825,28.755314,1019.9046,-1.1207886,15.596462,0.32021573
1988-04-01,85.19542,59.158314,36.88363,1024.6307,4.7261353,-15.572659,0.43292972
1988-05-01,102.14628,82.993675,69.30515,1025.8241,1.1933594,-51.34591,0.67848927
1988-06-01,103.21351,90.55328,55.27773,998.96375,-26.860352,-15.757153,0.5355668
1988-07-01,48.263027,91.92432,39.963978,942.786,-56.177734,-27.447533,0.8280454
1988-08-01,54.530106,68.510345,21.376303,881.06433,-61.72168,26.365135,0.3920092
1988-09-01,69.50104,54.423786,18.998516,871.95325,-9.111084,5.1898193,0.27335587
1988-10-01,89.2202,37.927414,26.06657,883.8034,11.850159,13.376057,0.29215997
1988-11-01,48.14913,21.752903,13.16041,898.7423,14.938904,-1.703085,0.273326
1988-12-01,62.489418,15.234972,14.313616,933.5627,34.820374,-1.8795395,0.22905664
1989-01-01,13.9539,12.820026,9.264358,928.5492,-5.013489,-3.1169949,0.663926
1989-02-01,64.787315,22.59381,11.692923,921.3531,-7.196106,37.696686,0.18048167
1989-03-01,46.15652,46.273243,14.10708,946.34125,24.98816,-39.21196,0.3056357
1989-04-01,166.90433,60.606583,45.16983,963.91266,17.571411,43.556503,0.27063307
1989-05-01,58.40368,83.52594,47.791637,955.10187,-8.810791,-64.1031,0.8182984
1989-06-01,84.39172,88.48272,38.4285,925.4746,-29.627258,-12.892239,0.45535865
1989-07-01,101.81061,93.340225,33.193657,905.94305,-19.531555,-5.191719,0.32603338
1989-08-01,58.384865,76.748795,17.792414,863.9727,-41.970337,5.8139954,0.3047436
1989-09-01,88.17602,56.67394,14.641097,864.9554,0.982666,15.878315,0.16604398
1989-10-01,36.96151,40.563328,9.583514,866.9064,1.9509888,-15.136321,0.25928363
1989-11-01,78.41271,22.134455,12.976677,884.65,17.743652,25.55793,0.165492
1989-12-01,54.44368,14.059668,12.477492,913.1896,28.53955,-0.63303375,0.22918165
1990-01-01,35.401356,13.4015875,11.724074,924.3389,11.149353,-0.8736601,0.33117586
1990-02-01,37.645554,24.67071,9.856118,927.05707,2.7181396,0.40058613,0.2618136
1990-03-01,49.433136,43.702377,11.7057905,909.2029,-17.854187,11.879155,0.23680048
1990-04-01,128.88765,62.612022,24.464071,946.1493,36.94641,4.865143,0.18980928
1990-05-01,68.04116,83.9267,40.65973,936.11786,-10.031433,-46.513832,0.5975755
1990-06-01,69.5185,82.9896,37.827873,909.6437,-26.474182,-24.824791,0.5441411
1990-07-01,54.640198,84.005905,25.457716,857.72614,-51.91754,-2.9058838,0.46591553
1990-08-01,58.536083,73.12093,13.443535,818.50616,-39.21997,11.191586,0.22966236
1990-09-01,51.37237,49.584484,8.946247,802.6389,-15.867249,8.708889,0.1741451
1990-10-01,146.30927,37.786854,20.696394,841.16064,38.52173,49.30429,0.14145648
1990-11-01,117.831436,25.697733,27.965273,902.7644,61.60376,2.5646744,0.23733287
1990-12-01,106.88181,17.451668,31.97532,963.0493,60.284912,-2.8300858,0.29916522
1991-01-01,46.34563,16.11611,23.387571,984.08136,21.032043,-14.190094,0.5046338
1991-02-01,67.68395,19.700783,21.553493,994.7833,10.701965,15.727711,0.31844318
1991-03-01,82.9185,44.718117,36.681458,1008.8729,14.0896,-12.570671,0.44237965
1991-04-01,101.68835,64.60736,34.8184,1011.54926,2.6763306,-0.41374588,0.34240305
1991-05-01,116.89621,84.70692,56.867725,1029.5056,17.95636,-42.634792,0.4864805
1991-06-01,64.80142,92.08801,60.102463,980.5948,-48.910828,-38.478226,0.9274868
1991-07-01,57.04355,88.15009,32.00713,906.21606,-74.37872,11.265049,0.5610999
1991-08-01,30.674755,69.99331,15.003281,857.86444,-48.351624,-5.970211,0.4891084
1991-09-01,96.643585,52.75538,16.346403,834.9512,-22.913269,50.45507,0.16914111
1991-10-01,119.17189,40.558575,26.247658,895.5844,60.63324,-8.267586,0.22025041
1991-11-01,120.29339,24.492966,31.629246,946.3963,50.81189,13.359283,0.2629342
1991-12-01,38.987854,15.16015,20.443903,970.77686,24.380554,-20.996752,0.52436596
1992-01-01,47.355774,13.382149,17.750217,969.3115,-1.465332,17.68874,0.37482688
1992-02-01,26.449669,22.415842,13.184458,976.97095,7.659424,-16.810055,0.49847347
1992-03-01,78.35236,41.751595,15.937092,963.091,-13.879944,34.54362,0.20340282
1992-04-01,115.56387,64.266525,33.058304,998.09985,35.00885,-16.769806,0.2860609
1992-05-01,55.92229,87.292854,49.652878,975.4628,-22.637024,-58.386414,0.88789064
1992-06-01,121.48257,92.26929,48.855885,955.9539,-19.508911,-0.1336937,0.40216374
1992-07-01,63.270447,94.03664,31.07491,923.9118,-32.042114,-29.798985,0.49114415
1992-08-01,41.304462,69.771515,16.752663,857.4317,-66.4801,21.260387,0.40558964
1992-09-01,69.04852,45.70468,17.264256,837.46594,-19.96576,26.045345,0.2500308
1992-10-01,190.21512,40.94009,51.364403,918.4398,80.97388,16.936745,0.27003324
1992-11-01,57.73681,22.171797,28.383406,948.7802,30.340393,-23.158789,0.49159983
1992-12-01,114.420944,17.806295,46.017326,975.7303,26.950073,23.647247,0.40217572
1993-01-01,23.372192,13.963874,23.312721,979.9962,4.26593,-18.170334,0.9974555
1993-02-01,36.76905,22.257057,15.031379,961.23895,-18.757263,18.237877,0.4088052
1993-03-01,74.06007,42.790966,18.476782,978.2736,17.034668,-4.2423496,0.24948373
1993-04-01,86.2788,62.99297,24.423752,986.88,8.606384,-9.744305,0.28307942
1993-05-01,67.40418,90.26227,42.685932,974.937,-11.942993,-53.60103,0.63328314
1993-06-01,58.626423,85.78927,32.139194,915.0685,-59.86853,0.5664902,0.54820323
1993-07-01,57.661922,79.15573,23.248615,873.16534,-41.903137,-2.8392868,0.40318835
1993-08-01,50.349545,62.27313,15.854308,829.6542,-43.51117,15.733276,0.31488484
1993-09-01,124.259926,51.31092,33.520973,839.095,9.440796,29.987236,0.26976496
1993-10-01,178.064,38.68505,80.89239,908.4349,69.339905,-10.853355,0.45428827
1993-11-01,112.269714,24.71066,40.819576,952.0096,43.574707,3.1647682,0.36358494
1993-12-01,77.24323,17.960495,27.080814,976.2253,24.215698,7.986225,0.35059142
1994-01-01,100.10802,19.56331,36.06661,1012.90015,36.674866,7.803234,0.36027694
1994-02-01,75.10354,22.909784,30.083508,1026.3457,13.445557,8.664692,0.40056047
1994-03-01,12.939313,46.446865,28.59281,1008.7808,-17.56488,-44.535484,2.2097626
1994-04-01,115.88953,64.649536,30.236729,1003.11017,-5.6706543,26.673916,0.26090994
1994-05-01,81.38942,86.95488,50.642746,992.7821,-10.328064,-45.880142,0.6222276
1994-06-01,69.68188,92.585434,38.374023,949.05066,-43.731445,-17.546135,0.55070305
1994-07-01,53.427326,93.78943,20.870096,891.5803,-57.470337,-3.7618637,0.39062586
1994-08-01,46.662155,69.62871,13.150051,843.8291,-47.75122,11.634617,0.28181407
1994-09-01,128.2491,52.197258,34.665264,862.58185,18.752747,22.633831,0.27029637
1994-10-01,76.728806,38.60756,21.683327,882.7125,20.130676,-3.6927567,0.28259695
1994-11-01,91.15435,22.637558,43.700397,922.40204,39.689514,-14.873119,0.479411
1994-12-01,53.28448,15.091668,17.776161,918.7379,-3.6641235,24.080776,0.3336086
1995-01-01,71.15583,18.093294,15.313719,944.9227,26.184814,11.564003,0.21521384
1995-02-01,58.477894,22.891478,15.191758,959.38513,14.462402,5.9322586,0.25978634
1995-03-01,79.29183,45.362232,22.120352,977.17346,17.78833,-5.979082,0.2789739
1995-04-01,91.402855,58.92324,27.057516,967.4338,-9.739685,15.161783,0.29602486
1995-05-01,98.14775,84.0944,46.546658,978.0279,10.594116,-43.08742,0.47425088
1995-06-01,83.301926,87.67711,52.34994,959.15393,-18.873962,-37.851162,0.62843615
1995-07-01,47.674538,90.58693,32.82716,898.69745,-60.456482,-15.283066,0.688568
1995-08-01,97.7134,81.605,17.88291,861.7451,-36.95233,35.17782,0.18301389
1995-09-01,122.73905,61.57344,26.376307,888.20654,26.461426,8.327881,0.21489742
1995-10-01,20.27775,38.634487,14.569206,888.3469,0.14038086,-33.066322,0.7184824
1995-11-01,68.92994,23.828085,12.25135,888.2179,-0.12902832,32.97953,0.17773627
1995-12-01,120.197754,15.853536,19.576406,928.2691,40.05121,44.7166,0.16286832
1996-01-01,95.14794,17.097837,34.22996,991.0761,62.807007,-18.986866,0.35975516
1996-02-01,87.57428,24.848526,32.053043,1019.4968,28.420715,2.251995,0.36600977
1996-03-01,76.27524,39.763172,33.1209,1030.8202,11.323364,-7.9321976,0.43422872
1996-04-01,83.121254,63.735806,39.58824,1035.955,5.1347656,-25.337559,0.47627097
1996-05-01,99.93888,92.36433,53.823296,1035.8132,-0.14172363,-46.107018,0.5385621
1996-06-01,67.05058,102.264824,34.707397,966.4947,-69.31854,-0.603096,0.51763004
1996-07-01,64.45193,87.560104,29.407537,922.0512,-44.44348,-8.072235,0.45627087
1996-08-01,91.51422,72.63405,24.838871,888.58954,-33.46167,27.502972,0.2714209
1996-09-01,112.27402,61.241997,21.494162,907.2949,18.705383,10.832476,0.19144377
1996-10-01,149.33037,42.550045,48.331116,974.1814,66.886475,-8.437271,0.3236523
1996-11-01,157.63852,26.56876,58.228798,999.18744,25.006042,47.834923,0.3693818
1996-12-01,117.37894,16.809671,55.981827,1050.4475,51.26007,-6.6726303,0.47693247
1997-01-01,74.578514,14.891704,61.041714,1073.4648,23.017334,-24.372238,0.81848925
1997-02-01,32.31963,25.546804,34.356506,1042.9841,-30.480713,2.8970318,1.0630229
1997-03-01,32.640892,50.194656,26.018059,1008.9344,-34.049744,-9.522079,0.7971001
1997-04-01,68.41678,61.69687,21.208557,978.2578,-30.676575,16.187927,0.30999058
1997-05-01,50.90541,88.66031,33.592503,966.741,-11.516785,-59.830612,0.6599004
1997-06-01,127.674736,83.20167,54.138237,941.7952,-24.9458,15.280632,0.4240325
1997-07-01,57.829334,84.212036,36.656887,910.81256,-30.982666,-32.056923,0.6338805
1997-08-01,73.96692,73.84408,19.974537,871.2499,-39.562683,19.710987,0.2700469
1997-09-01,47.046524,56.77262,13.155966,854.6689,-16.580994,-6.3010693,0.27963737
1997-10-01,96.99066,41.676697,13.955476,852.97565,-1.6932373,43.051727,0.14388473
1997-11-01,158.63705,24.091143,27.642311,943.75226,90.77661,16.126991,0.17424877
1997-12-01,96.41829,18.042936,25.64743,1007.9804,64.22815,-11.500229,0.26600173
1998-01-01,56.693363,17.532589,23.598032,1029.0063,21.02594,-5.4631977,0.41623977
1998-02-01,42.599297,25.759308,24.540302,1037.121,8.114624,-15.814938,0.57607293
1998-03-01,49.90107,47.546097,22.015678,1018.5067,-18.614258,-1.0464478,0.44118652
1998-04-01,129.07986,65.5226,33.538025,1022.0695,3.5628052,26.456436,0.25982383
1998-05-01,88.46741,92.235085,56.544014,1020.9886,-1.0809326,-59.23076,0.6391508
1998-06-01,61.323547,100.242935,42.626556,973.20123,-47.787354,-33.75859,0.6951091
1998-07-01,52.64908,85.33174,27.054245,908.82587,-64.37537,4.6384583,0.5138598
1998-08-01,47.474285,70.81341,16.384008,861.7453,-47.080566,7.357437,0.34511334
1998-09-01,125.711464,55.232918,24.759579,866.7678,5.022522,40.696445,0.19695562
1998-10-01,124.403336,42.699642,42.16138,931.84735,65.07953,-25.53722,0.33890876
1998-11-01,77.65061,23.911963,20.975609,941.73364,9.8862915,22.876747,0.27012804
1998-12-01,56.077686,15.665889,18.021225,977.0711,35.337463,-12.946892,0.32136178
1999-01-01,68.20097,17.192614,18.093739,996.96564,19.894531,13.020092,0.2653003
1999-02-01,52.774883,22.936094,17.78694,1004.8473,7.881653,4.1701965,0.3370342
1999-03-01,81.90701,45.23507,25.645208,1006.55066,1.7033691,9.323366,0.3131015
1999-04-01,101.78639,64.56653,34.194576,1013.72565,7.174988,-4.1497,0.33594447
1999-05-01,83.72338,84.326805,62.542423,1008.25183,-5.473816,-57.67203,0.7470126
1999-06-01,73.59776,92.34097,47.20021,953.26776,-54.98407,-10.959351,0.6413267
1999-07-01,68.93071,90.63063,24.717554,900.50006,-52.7677,6.3502274,0.3585855
1999-08-01,83.13225,72.618904,24.09555,874.12317,-26.376892,12.794685,0.289846
1999-09-01,106.638756,63.29033,28.749792,880.6165,6.493347,8.105288,0.26959985
1999-10-01,102.226234,38.874027,37.233833,900.7726,20.156067,5.962307,0.36422974
1999-11-01,122.15382,25.908615,34.82579,951.60223,50.82965,10.58976,0.28509784
1999-12-01,92.41323,18.819386,30.135265,989.5746,37.97235,5.486225,0.32609254
2000-01-01,28.950733,15.12593,24.613392,998.53827,8.963684,-19.752274,0.850182
2000-02-01,32.20002,24.481499,18.520493,989.7051,-8.833191,-1.9687805,0.5751702
2000-03-01,72.25024,44.819077,19.412056,976.6109,-13.094177,21.113281,0.2686781
2000-04-01,108.703156,65.11864,32.41293,996.18054,19.569641,-8.398052,0.29817837
2000-05-01,65.97212,88.55736,53.878933,982.649,-13.531555,-62.932617,0.8166924
2000-06-01,62.075935,95.524475,31.599138,921.9174,-60.731567,-4.3161087,0.50904006
2000-07-01,72.90036,84.90857,22.035751,880.4069,-41.510498,7.4665375,0.3022722
2000-08-01,57.3514,65.65482,20.47838,851.7791,-28.627808,-0.15399742,0.35706854
2000-09-01,106.23628,56.40224,23.564058,841.58405,-10.195068,36.46505,0.22180802
2000-10-01,169.13481,41.055813,66.032364,915.8351,74.25104,-12.204407,0.39041263
2000-11-01,193.57207,26.634947,87.93095,966.92456,51.089478,27.916695,0.4542543
2000-12-01,90.967834,16.902151,44.930504,979.33826,12.413696,16.721481,0.4939164
2001-01-01,118.453026,18.361801,47.789433,1018.9721,39.63385,12.667942,0.4034463
2001-02-01,52.574627,25.88205,34.650665,1028.7522,9.78009,-17.738178,0.6590758
2001-03-01,110.52809,44.860268,50.781334,1029.7053,0.953125,13.933365,0.4594428
2001-04-01,85.69278,65.88022,44.68145,1021.7096,-7.9957275,-16.873161,0.5214144
2001-05-01,83.43242,86.92767,75.24636,1005.4402,-16.26941,-62.472206,0.90188396
2001-06-01,55.800945,92.146675,55.809494,946.01215,-59.42804,-32.72719,1.0001532
2001-07-01,65.28979,80.58428,31.995268,887.4677,-58.544434,11.254669,0.4900501
2001-08-01,52.48313,66.01783,19.259264,848.35986,-39.10785,6.3138885,0.36696103
2001-09-01,90.15292,52.668266,16.293009,848.48004,0.12017822,21.07147,0.18072635
2001-10-01,46.837536,34.069675,17.043413,860.60046,12.120422,-16.395975,0.36388364
2001-11-01,73.430275,23.952517,12.91268,877.45056,16.850098,19.714981,0.17584953
2001-12-01,51.42827,15.987617,9.90387,898.8868,21.436218,4.100563,0.19257638
2002-01-01,27.881533,12.148415,8.832171,909.049,10.162231,-3.2612848,0.31677496
2002-02-01,75.6972,23.049065,13.329792,932.3956,23.346619,15.971722,0.17609361
2002-03-01,43.12783,46.667294,17.464691,940.41815,8.022522,-29.026676,0.40495178
2002-04-01,103.40183,63.31721,21.443146,943.00616,2.5880127,16.053463,0.20737684
2002-05-01,148.58267,87.33201,61.29738,965.8131,22.806946,-22.85366,0.4125473
2002-06-01,76.789116,97.79244,50.761246,931.69666,-34.116455,-37.648117,0.6610474
2002-07-01,106.92033,91.863106,30.684078,887.40753,-44.289124,28.662266,0.28698078
2002-08-01,121.057686,86.12209,27.888731,888.2017,0.79418945,6.252672,0.23037554
2002-09-01,100.38346,64.75004,22.423605,900.9751,12.773376,0.43644142,0.22337948
2002-10-01,91.398155,42.926605,27.300959,928.07214,27.097046,-5.9264545,0.2987036
2002-11-01,177.7709,24.513744,74.57905,956.9923,28.920166,49.757942,0.41952336
2002-12-01,110.60596,17.177603,58.959072,1005.82965,48.83734,-14.368061,0.5330551
2003-01-01,102.791046,20.57386,51.53625,1030.5278,24.698181,5.9827538,0.50136906
2003-02-01,39.708782,22.43616,35.429947,1034.9215,4.3936768,-22.551,0.89224464
2003-03-01,26.5453,45.921295,26.889914,1006.3577,-28.563782,-17.702126,1.0129821
2003-04-01,84.99158,65.523186,24.616968,994.373,-11.984741,6.8361645,0.2896401
2003-05-01,47.63583,89.31353,39.365505,954.9089,-39.46411,-41.579094,0.82638437
2003-06-01,51.503548,94.407036,26.492384,897.6651,-57.243774,-12.1521,0.5143798
2003-07-01,41.8397,76.905304,13.928148,844.31976,-53.345337,4.3515854,0.33289313
2003-08-01,52.91298,68.95437,10.014735,806.5561,-37.76367,11.707546,0.18926802
2003-09-01,67.14463,57.487206,7.015209,805.60187,-0.95422363,3.5964394,0.10447908
2003-10-01,139.71645,42.186348,13.971761,833.32776,27.725891,55.832443,0.10000083
2003-11-01,118.28873,24.011955,21.657679,910.5807,77.25293,-4.633835,0.18309166
2003-12-01,109.46803,18.706005,23.27072,967.5059,56.925232,10.566071,0.21258004
2004-01-01,72.39482,18.454184,21.607716,1005.18317,37.677246,-5.344326,0.29847047
2004-02-01,90.848335,23.105587,26.825853,1015.6963,10.513123,30.403778,0.29528174
2004-03-01,81.41543,40.96537,44.94647,1043.1415,27.44519,-31.9416,0.5520633
2004-04-01,119.13687,61.73759,49.171955,1047.6512,4.5097656,3.7175598,0.412735
2004-05-01,104.95347,92.42485,78.57978,1056.8146,9.16333,-75.21449,0.74871063
2004-06-01,73.548584,102.73186,61.15774,1000.8292,-55.98535,-34.355667,0.8315285
2004-07-01,57.675423,92.34495,32.513386,927.02136,-73.80786,6.624954,0.56373036
2004-08-01,52.973526,74.27733,17.484621,881.01105,-46.010315,7.2218933,0.33006337
2004-09-01,69.12771,54.305668,13.352615,862.76196,-18.249084,19.71851,0.19315866
2004-10-01,115.17375,37.88131,21.882423,881.80945,19.047485,36.362534,0.18999489
2004-11-01,124.002174,27.16947,31.822994,959.6139,77.80444,-12.794739,0.25663254
2004-12-01,117.231224,18.885756,29.584112,1012.0475,52.433594,16.327759,0.25235695
2005-01-01,48.543728,17.126917,25.002409,1035.2982,23.250732,-16.83633,0.5150492
2005-02-01,66.87791,21.731062,24.22417,1040.0863,4.788086,16.134586,0.36221483
2005-03-01,57.316326,41.082016,38.585457,1050.9655,10.87915,-33.230297,0.67320186
2005-04-01,106.6185,68.843025,39.69987,1058.7058,7.7403564,-9.664753,0.37235445
2005-05-01,62.784218,96.98411,41.44247,1023.55035,-35.155457,-40.486908,0.6600778
2005-06-01,56.776226,98.96425,28.15373,961.0137,-62.536682,-7.805069,0.4958718
2005-07-01,60.054768,89.80651,19.46483,908.09894,-52.914734,3.6981583,0.324118
2005-08-01,100.33954,74.14462,18.224257,882.7926,-25.306335,33.276993,0.18162587
2005-09-01,105.54355,62.983276,20.632593,906.10425,23.311646,-1.3839664,0.19548891
2005-10-01,110.36296,40.665386,31.308926,955.9151,49.810852,-11.422207,0.2836905
2005-11-01,104.115715,24.003504,23.770166,974.53265,18.617554,37.724495,0.22830527
2005-12-01,116.41053,17.73506,39.999386,1040.3219,65.789246,-7.113163,0.34360626
2006-01-01,70.136955,15.159367,36.89978,1055.8179,15.495972,2.5818367,0.5261104
2006-02-01,82.775444,22.356443,32.084328,1061.5328,5.714966,22.619705,0.38760683
2006-03-01,80.85977,42.160694,45.695538,1083.2257,21.692871,-28.689331,0.56512076
2006-04-01,79.46201,64.475815,47.00139,1059.2089,-24.016846,-7.9983444,0.59149504
2006-05-01,57.246025,89.79667,53.220127,1031.4641,-27.744751,-58.026016,0.92967373
2006-06-01,47.206005,97.70947,30.743671,964.5333,-66.930786,-14.316353,0.6512661
2006-07-01,49.609047,88.4461,17.422823,896.87805,-67.65527,11.395401,0.35120255
2006-08-01,94.26407,78.91587,15.551826,877.8163,-19.061768,18.858139,0.16498148
2006-09-01,116.91748,60.916748,21.48966,882.98346,5.1671753,29.343895,0.18380195
2006-10-01,58.903408,45.15198,15.546464,912.02893,29.045471,-30.840508,0.26393148
2006-11-01,35.731888,23.001207,10.330555,908.932,-3.0969238,5.4970493,0.28911304
2006-12-01,84.233665,16.536436,17.49615,939.3553,30.423279,19.777802,0.2077097
2007-01-01,51.944332,18.215937,13.519758,960.23926,20.883972,-0.67533684,0.260274
2007-02-01,69.33341,25.552843,15.128314,981.9926,21.753357,6.898899,0.21819659
2007-03-01,99.50158,47.318382,20.037739,998.7284,16.735779,15.409679,0.20138112
2007-04-01,51.55323,74.195206,27.460474,1009.7167,10.988281,-61.09073,0.5326625
2007-05-01,104.85064,97.95007,34.89508,984.9926,-24.72406,-3.2704544,0.3328075
2007-06-01,92.48408,101.76082,35.141384,968.817,-16.175598,-28.242527,0.37997225
2007-07-01,35.334267,86.99314,24.18063,897.72455,-71.09247,-4.74704,0.68433934
2007-08-01,75.709305,66.08267,16.758455,855.8379,-41.886658,34.754837,0.22135265
2007-09-01,76.24955,54.898067,14.68128,849.57654,-6.2613525,12.931555,0.19254251
2007-10-01,84.22161,41.14343,13.073395,868.8375,19.260986,10.743801,0.15522613
2007-11-01,78.73844,25.202236,13.501673,907.18665,38.34912,1.6854095,0.17147498
2007-12-01,56.290543,16.848312,11.922336,942.82404,35.63739,-8.1174965,0.21179998
2008-01-01,80.42847,16.493258,19.25842,976.67755,33.853516,10.823273,0.23944782
2008-02-01,33.44442,23.59529,16.726048,986.80396,10.126404,-17.00332,0.50011474
2008-03-01,106.10177,46.448166,22.695015,999.36145,12.557495,24.401093,0.21389855
2008-04-01,103.998436,66.51346,33.413868,1014.1179,14.75647,-10.68536,0.321292
2008-05-01,117.36314,87.35861,64.12939,1005.2385,-8.879395,-25.245468,0.5464185
2008-06-01,97.39921,98.39309,57.005684,998.97455,-6.263977,-51.735588,0.58527875
2008-07-01,66.76719,95.28618,34.23869,933.74915,-65.2254,2.4677238,0.51280713
2008-08-01,48.445625,72.70397,20.917826,883.0518,-50.697327,5.5211563,0.43177944
2008-09-01,90.5023,55.808025,22.879602,873.8096,-9.242249,21.056917,0.25280687
2008-10-01,92.362816,39.742786,20.133945,874.1466,0.33703613,32.149048,0.21798757
2008-11-01,164.92712,26.073534,44.36948,943.2166,69.07001,25.414108,0.26902476
2008-12-01,174.5782,18.936096,70.55249,1023.70575,80.489136,4.600479,0.40413114
2009-01-01,129.36015,17.303799,53.07721,1059.1719,35.466125,23.513016,0.4103057
2009-02-01,82.30824,24.748299,58.389465,1085.7399,26.567993,-27.397514,0.7094
2009-03-01,120.98704,46.06193,54.053688,1077.1414,-8.598511,29.469933,0.44677255
2009-04-01,149.97928,65.096565,79.58833,1093.5671,16.425781,-11.131401,0.5306622
2009-05-01,42.78333,98.83179,93.43661,1065.9288,-27.638306,-121.846756,2.183949
2009-06-01,93.94813,99.66958,51.507584,997.6763,-68.25256,11.023529,0.54825556
2009-07-01,59.566685,99.117004,27.522228,949.79034,-47.885925,-19.186623,0.46204063
2009-08-01,51.117935,73.48316,17.475607,896.7334,-53.056946,13.21611,0.3418684
2009-09-01,98.44148,59.039326,17.28739,889.1216,-7.6118164,29.726583,0.17561083
2009-10-01,87.16962,45.26416,14.692068,914.9736,25.85199,1.3613987,0.16854575
2009-11-01,103.02178,23.920124,17.926481,960.0307,45.05713,16.118042,0.17400672
2009-12-01,131.1,18.228403,32.623547,1008.5978,48.567078,31.680984,0.24884474
2010-01-01,110.58538,18.861668,47.393036,1066.5515,57.953735,-13.623062,0.4285651
2010-02-01,115.07441,23.192842,51.588505,1093.2045,26.652954,13.64011,0.44830564
2010-03-01,97.4194,41.570675,68.924805,1107.964,14.7595215,-27.835598,0.70750594
2010-04-01,82.178024,65.845375,57.783,1085.764,-22.199951,-19.2504,0.7031442
2010-05-01,143.30371,90.24364,91.18058,1085.2521,-0.5119629,-37.608543,0.63627505
2010-06-01,100.43838,102.278336,61.088734,1034.9604,-50.291626,-12.637066,0.60822105
2010-07-01,53.840336,101.275314,28.621681,967.42834,-67.532104,-8.524551,0.5316029
2010-08-01,89.392075,79.36146,27.072485,937.71063,-29.717712,12.675844,0.30285105
2010-09-01,111.88169,63.959656,26.360138,939.54913,1.838501,19.723396,0.23560725
2010-10-01,145.20137,42.40877,37.213905,974.98645,35.437317,30.14138,0.2562917
2010-11-01,190.90796,26.793112,77.554886,1053.5826,78.59619,7.9637756,0.40624228
2010-12-01,112.729805,17.208876,71.208244,1086.4337,32.851074,-8.538391,0.63167185
2011-01-01,57.58122,15.358654,48.07605,1078.0482,-8.385498,2.532013,0.8349259
2011-02-01,71.32212,23.755869,35.321823,1080.4773,2.4290771,9.815353,0.49524358
2011-03-01,121.26991,43.679523,67.5524,1107.983,27.505737,-17.467743,0.5570417
2011-04-01,51.397633,72.5269,53.526054,1070.2487,-37.734375,-36.920944,1.0414109
2011-05-01,67.35598,97.86374,49.62279,1029.4253,-40.823364,-39.30719,0.7367244
2011-06-01,103.61587,99.51711,36.326218,998.40607,-31.019226,-1.2082367,0.35058546
2011-07-01,86.41837,93.52825,29.62521,947.9915,-50.41455,13.679462,0.34281147
2011-08-01,38.458477,76.40668,21.48342,907.94525,-40.046265,-19.385353,0.55861336
2011-09-01,74.111885,55.121517,19.07322,883.8354,-24.109863,24.027012,0.2573571
2011-10-01,78.60209,39.220142,17.010088,883.26373,-0.5716553,22.943514,0.21640758
2011-11-01,90.09818,23.281706,29.384796,940.0326,56.76886,-19.337181,0.32614195
2011-12-01,63.497917,18.72969,15.673412,951.8386,11.80603,17.288784,0.24683349
2012-01-01,46.717716,16.980589,11.572774,962.0856,10.246948,7.917404,0.24771704
2012-02-01,84.57035,21.574364,16.508047,986.6599,24.57434,21.913597,0.195199
2012-03-01,36.013172,51.921165,17.323952,1007.9288,21.26886,-54.500805,0.48104486
2012-04-01,134.12189,66.288315,25.8101,1012.868,4.939209,37.084263,0.19243765
2012-05-01,95.845024,93.80356,46.188557,1015.4709,2.6029053,-46.749996,0.48190877
2012-06-01,53.557148,97.50196,44.97902,969.506,-45.964905,-42.958923,0.83983225
2012-07-01,67.12158,88.95342,26.915741,901.7053,-67.80066,19.053078,0.4009998
2012-08-01,51.466972,66.52956,18.864702,857.0575,-44.647827,10.720543,0.36653996
2012-09-01,117.86049,63.139015,20.906801,872.54156,15.48407,18.330605,0.177386
2012-10-01,128.10027,41.783424,28.794548,898.60516,26.063599,31.458694,0.22478133
2012-11-01,161.99693,25.537767,56.77965,972.6978,74.09265,5.5868683,0.35049832
2012-12-01,69.110725,17.99205,35.457527,1018.2342,45.536377,-29.875229,0.5130539
2013-01-01,96.603,18.052792,35.44844,1031.3365,13.102356,29.999405,0.3669497
2013-02-01,96.800224,22.772472,39.221268,1060.8021,29.465576,5.340912,0.40517744
2013-03-01,158.35272,41.81694,74.346466,1094.1497,33.347534,8.841782,0.46949914
2013-04-01,107.42222,67.26789,86.67046,1090.8112,-3.338501,-43.177635,0.80682063
2013-05-01,155.18681,88.14964,100.64587,1072.9955,-17.815674,-15.793022,0.6485465
2013-06-01,66.30427,98.126274,66.21544,1026.9597,-46.035767,-52.00168,0.99866027
2013-07-01,58.836052,99.187004,33.451263,954.4447,-72.515015,-1.2872009,0.56855047
2013-08-01,67.27314,79.80638,18.501629,898.8586,-55.58612,24.55125,0.27502254
2013-09-01,70.566895,59.381268,13.85235,887.2397,-11.6188965,8.952173,0.19630097
2013-10-01,112.68726,38.49678,24.186049,925.1582,37.918518,12.085915,0.21462983
2013-11-01,151.93837,28.620249,35.86782,982.4999,57.341675,30.108627,0.23606822
2013-12-01,88.73995,15.163508,37.859344,1026.6329,44.133057,-8.415955,0.42663246
2014-01-01,155.77388,18.465733,65.35951,1059.9478,33.31482,38.63382,0.41957942
2014-02-01,148.6843,26.476398,95.78936,1102.6295,42.681763,-16.263222,0.64424664
2014-03-01,87.86734,50.49739,64.183395,1080.9688,-21.660767,-5.1526794,0.7304579
2014-04-01,97.46234,67.1945,52.630802,1061.913,-19.055786,-3.3071785,0.5400117
2014-05-01,79.42848,91.868546,65.29005,1053.6305,-8.282471,-69.44764,0.82199794
2014-06-01,89.717995,103.55639,51.436417,997.65393,-55.976562,-9.298248,0.57331216
2014-07-01,131.65707,97.075676,41.061947,969.7271,-27.926819,21.44627,0.31188563
2014-08-01,82.09441,80.922806,39.681793,962.3339,-7.3931885,-31.116997,0.48336777
2014-09-01,78.65041,63.66066,26.032679,950.0651,-12.268799,1.225874,0.33099225
2014-10-01,74.601974,43.424217,25.164165,949.01385,-1.0512695,7.0648613,0.3373123
2014-11-01,180.96257,23.906137,78.39917,996.1159,47.10205,31.555206,0.43323418
2014-12-01,78.71527,18.592308,46.69784,1021.63824,25.522339,-12.097218,0.5932501
2015-01-01,80.24128,18.270138,31.910038,1019.25287,-2.385376,32.44648,0.39767608
2015-02-01,122.86389,24.34228,43.62817,1063.0192,43.766296,11.127148,0.3550935
2015-03-01,118.257484,45.8162,60.617405,1088.167,25.147827,-13.323948,0.5125883
2015-04-01,58.91832,71.40528,47.526752,1067.1045,-21.0625,-38.951214,0.80665493
2015-05-01,87.9906,91.91056,56.050945,1028.9062,-38.198242,-21.772663,0.6370106
2015-06-01,78.25455,102.51447,42.81921,986.11566,-42.79059,-24.288544,0.54717857
2015-07-01,43.49184,92.57564,21.186104,916.8652,-69.25049,-1.0194092,0.48712826
2015-08-01,75.875175,82.28199,15.763716,885.7,-31.165161,8.994631,0.20775855
2015-09-01,97.41768,58.99952,22.004198,884.99286,-0.7071533,17.121115,0.2258748
2015-10-01,160.1906,44.61443,32.958054,941.2553,56.26245,26.355667,0.20574275
2015-11-01,45.808434,26.997679,17.375517,968.12885,26.873535,-25.438297,0.37930825
2015-12-01,6.3057394,13.08296,11.768807,969.26373,1.1348877,-19.680916,1.8663644
2016-01-01,68.28879,18.174408,14.671711,984.4766,15.212891,20.229778,0.21484803
2016-02-01,143.09741,28.063293,33.53598,1013.4291,28.952454,52.545685,0.2343577
2016-03-01,102.567856,47.29208,47.983902,1059.5751,46.145996,-38.854122,0.46782592
2016-04-01,70.250015,69.38818,46.810116,1035.704,-23.871094,-22.07719,0.666336
2016-05-01,122.56122,91.678734,49.640373,1026.8551,-8.848877,-9.909012,0.40502512
2016-06-01,104.99969,100.201324,59.475166,1007.3602,-19.494873,-35.18193,0.5664318
2016-07-01,67.76645,99.60623,32.3415,940.90393,-66.4563,2.2750168,0.47724944
2016-08-01,72.72204,82.552574,22.334635,902.0225,-38.88141,6.71624,0.30712333
2016-09-01,91.03651,67.358055,16.956657,894.60046,-7.422058,14.143852,0.18626218
2016-10-01,116.35985,43.67455,21.005657,926.4543,31.85382,19.825825,0.18052325
2016-11-01,128.07385,25.90987,35.19184,980.41534,53.96106,13.0110855,0.2747777
2016-12-01,26.047684,16.23784,23.665577,1000.8357,20.42035,-34.276085,0.90854824
2017-01-01,68.09789,16.947855,21.945763,1005.3655,4.529785,24.674492,0.32226786
2017-02-01,75.88553,24.158997,26.7766,1039.0385,33.672974,-8.723042,0.35285515
2017-03-01,53.67694,52.201427,28.405964,1032.6626,-6.3758545,-20.554596,0.52920234
2017-04-01,73.08711,70.181465,28.997099,1003.6863,-28.976318,2.8848667,0.39674708
2017-05-01,66.94836,87.786415,37.35825,983.6508,-20.035461,-38.160847,0.55801594
2017-06-01,71.16546,89.44406,30.866003,920.6369,-63.013916,13.869308,0.4337217
2017-07-01,51.8711,85.93182,19.746017,879.8627,-40.77423,-13.032509,0.38067472
2017-08-01,50.00498,66.20894,18.90686,843.4056,-36.457092,1.3462715,0.37809956
2017-09-01,131.82097,58.5592,29.538273,864.9709,21.565308,22.158184,0.22407871
2017-10-01,27.818073,41.516262,13.481277,861.9512,-3.0197144,-24.159752,0.484623
2017-11-01,114.75605,24.100292,16.09884,888.79333,26.842163,47.71476,0.14028752
2017-12-01,104.81729,17.838636,21.916023,940.17456,51.381226,13.681404,0.20908786
2018-01-01,74.29012,18.205458,23.224813,977.14905,36.974487,-4.1146393,0.31262317
2018-02-01,123.11417,24.196087,27.878267,1004.40607,27.257019,43.78279,0.2264424
2018-03-01,158.38039,41.29475,73.08146,1058.435,54.02899,-10.024818,0.46142998
2018-04-01,74.507996,72.40212,72.523636,1057.0183,-1.416748,-69.001015,0.97336715
2018-05-01,142.44884,90.899796,85.882935,1048.8953,-8.123047,-26.210846,0.6029037
2018-06-01,88.028465,110.22654,48.092556,1004.1814,-44.713867,-25.576767,0.5463296
2018-07-01,62.444443,102.39906,24.266459,940.3938,-63.787598,-0.4334793,0.38860878
2018-08-01,98.33337,93.47229,19.493664,900.53015,-39.863647,25.23106,0.19824058
2018-09-01,59.28754,67.003365,14.58586,895.9613,-4.5688477,-17.732838,0.24601898
2018-10-01,180.58144,48.535583,34.800755,911.072,15.110718,82.134384,0.19271502
2018-11-01,130.60754,26.380148,49.45427,1008.2475,97.175476,-42.40235,0.37864786
2018-12-01,47.96613,17.625212,26.786697,1024.9038,16.656311,-13.102091,0.5584503
2019-01-01,66.53156,18.785547,22.40927,1023.7327,-1.1710815,26.50783,0.33682162
2019-02-01,56.50637,26.916174,32.488937,1050.4353,26.702576,-29.601316,0.5749606
2019-03-01,37.93879,51.00157,22.966784,1016.4537,-33.98163,-2.0479355,0.60536414
2019-04-01,131.32457,67.36749,32.10222,1017.01904,0.56536865,31.28949,0.24444945
2019-05-01,154.35997,83.033104,52.406933,1039.5352,22.516113,-3.59618,0.33951116
2019-06-01,47.751686,112.933556,63.929016,1009.7198,-29.815369,-99.29552,1.3387803
2019-07-01,85.20604,99.70972,28.799055,930.4705,-79.24927,35.946533,0.33799312
2019-08-01,66.44822,82.042274,19.300224,896.6025,-33.868042,-1.0262375,0.2904551
2019-09-01,86.72573,65.631874,17.661123,895.01953,-1.5829468,5.0156803,0.20364341
2019-10-01,94.20608,42.414898,25.931765,906.19684,11.177307,14.682108,0.27526638
2019-11-01,275.68597,29.246744,88.16992,997.9132,91.71637,66.55293,0.31982014
2019-12-01,107.94807,20.77755,63.190693,1052.2244,54.311157,-30.331333,0.5853805
2020-01-01,20.962357,16.600494,35.242214,1037.2535,-14.970825,-15.909527,1.6812143
2020-02-01,27.00554,29.606997,21.571917,1010.3975,-26.856018,2.6826458,0.79879594
2020-03-01,103.79043,46.2126,25.964165,1009.71277,-0.6847534,32.298416,0.25015953
2020-04-01,60.18983,71.147514,29.020718,1004.02594,-5.6868286,-34.291573,0.48215318
2020-05-01,83.889465,94.08896,60.661827,991.461,-12.564941,-58.29638,0.72311616
2020-06-01,114.77135,100.82885,47.591732,975.0772,-16.38379,-17.265446,0.4146656
2020-07-01,54.495323,96.548706,23.259052,915.18604,-59.891174,-5.4212646,0.42680824
2020-08-01,100.304016,78.27961,23.634031,874.97455,-40.211487,38.60186,0.23562399
2020-09-01,89.12786,62.907314,20.85587,874.9,-0.074523926,5.4392014,0.23399943
2020-10-01,136.00865,43.121826,43.969948,927.05725,52.157227,-3.2403488,0.32328787
2020-11-01,49.848766,22.627796,22.171894,937.5274,10.470154,-5.4210777,0.4447832
2020-12-01,178.71597,18.465622,48.12746,1000.8181,63.29071,48.832184,0.2692958
2021-01-01,129.58,19.552109,55.34263,1045.4354,44.61731,10.067955,0.42709234
2021-02-01,60.520607,26.342499,52.847317,1059.9269,14.491455,-33.160664,0.8732119
2021-03-01,45.284767,47.736725,35.89784,1027.1586,-32.76831,-5.5814857,0.79271334
2021-04-01,84.2476,62.551414,30.880825,1006.8919,-20.266663,11.08202,0.36654845
2021-05-01,89.34397,86.70869,57.09935,1002.5274,-4.364502,-50.099564,0.6390957
2021-06-01,49.86518,94.898674,52.70179,948.1214,-54.406006,-43.329277,1.0568856
2021-07-01,92.52354,85.97439,30.81491,896.80054,-51.32086,27.0551,0.33304942
2021-08-01,63.069473,71.14609,28.417257,871.823,-24.97754,-11.516335,0.4505707
2021-09-01,64.44257,57.000664,15.306917,850.2952,-21.527771,13.662764,0.23752803
2021-10-01,97.51413,42.653305,19.560623,876.4932,26.197998,9.102203,0.20059271
2021-11-01,160.20467,27.560015,26.631737,946.32697,69.83374,36.179176,0.16623572
2021-12-01,81.607765,18.089123,23.384863,1007.1586,60.831665,-20.697884,0.28655192
2022-01-01,33.62831,18.71121,20.029442,1018.76843,11.609802,-16.722143,0.59561247
2022-02-01,44.0623,27.246689,15.648421,1005.0633,-13.705139,14.872331,0.35514307
2022-03-01,43.10432,45.310463,16.103647,994.0877,-10.975586,-7.3342037,0.37359706
2022-04-01,69.32866,69.92878,19.247084,988.05383,-6.0338745,-13.81333,0.27762088
2022-05-01,72.11943,94.9306,34.84887,970.05493,-17.998901,-39.66114,0.48321053
2022-06-01,60.99287,95.39443,24.250881,910.8388,-59.216125,0.56368256,0.3976019
2022-07-01,44.53712,84.445496,15.249747,855.6702,-55.16858,0.010456085,0.34240532
2022-08-01,83.237564,78.91281,14.748413,830.70685,-24.963379,14.539719,0.17718458
2022-09-01,108.17701,60.63918,15.515809,836.8602,6.1533813,25.86864,0.14342982
2022-10-01,54.06048,43.989555,14.265519,863.49774,26.637512,-30.832108,0.26388073
2022-11-01,135.2784,27.23131,24.214857,898.4199,34.92218,48.91005,0.17900018
2022-12-01,94.94213,15.789067,25.88781,976.4476,78.02765,-24.762398,0.27266935
2023-01-01,95.01493,20.519096,30.719767,1001.4972,25.049622,18.726448,0.32331514
2023-02-01,38.16693,24.161106,23.330105,1012.57935,11.082153,-20.406433,0.6112649
2023-03-01,61.464615,49.48521,23.971252,1016.3702,3.7908325,-15.7826805,0.39000085
2023-04-01,85.884224,68.55951,24.804989,1001.84985,-14.520325,7.0400505,0.28881893
2023-05-01,177.42572,89.77244,59.751797,1037.1495,35.299683,-7.398197,0.33677077
2023-06-01,107.59149,114.62342,53.49974,1029.76,-7.3895264,-53.142143,0.4972488
2023-07-01,65.53808,107.34318,32.14986,956.9177,-72.842285,-1.1126709,0.4905524
2023-08-01,91.00172,83.86375,28.27037,904.392,-52.525696,31.393295,0.31065756
2023-09-01,59.20796,61.97576,19.324223,888.4989,-15.893127,-6.1988983,0.3263788
2023-10-01,110.64509,41.589783,32.193924,883.8074,-4.6915283,41.55291,0.29096568
2023-11-01,116.0549,28.61452,45.22786,947.73505,63.927673,-21.715149,0.3897109
2023-12-01,57.29726,16.330204,24.511526,966.7858,19.050781,-2.595251,0.42779577
2024-01-01,68.49887,19.206013,23.725548,982.0457,15.259888,10.307423,0.34636408
2024-02-01,118.26677,26.296152,33.44781,989.8861,7.840393,50.682415,0.28281665
2024-03-01,138.22086,48.0775,70.34914,1033.8044,43.918335,-24.124115,0.5089618
2024-04-01,78.520454,70.79803,52.948265,1012.72534,-21.079102,-24.146736,0.6743245
2024-05-01,154.12993,85.90199,83.333954,1012.70044,-0.024902344,-15.081116,0.54067343
2024-06-01,92.43074,92.52006,79.439445,979.9142,-32.786255,-46.742508,0.8594483
2024-07-01,54.232243,93.07864,39.413307,923.2922,-56.62201,-21.637695,0.72675043
2024-08-01,51.491386,77.81076,17.763147,860.6972,-62.59497,18.512451,0.34497318
2024-09-01,151.04056,64.524445,28.878366,879.7769,19.079712,38.558037,0.1911961
2024-10-01,175.25684,39.88598,68.4023,950.64624,70.86932,-3.900772,0.39029747
2024-11-01,37.966476,26.361422,31.52474,954.5292,3.8829346,-23.80262,0.83033097
2024-12-01,73.3346,18.964663,24.095184,967.874,13.344849,16.929909,0.328565
2025-01-01,96.22158,18.359793,27.388226,991.99603,24.12201,26.351551,0.28463703
2025-02-01,69.86187,23.818233,26.780888,1026.229,34.23297,-14.970222,0.38334054
2025-03-01,123.56842,48.47338,46.864704,1041.1049,14.8758545,13.354481,0.37926117
2025-04-01,105.03506,70.069046,59.440796,1049.4431,8.338257,-32.81304,0.56591386
2025-05-01,111.84192,97.24069,65.058525,1035.6456,-13.797485,-36.659813,0.58170074
2025-06-01,44.4915,105.46414,42.515278,962.92413,-72.7215,-30.766418,0.955582
2025-07-01,84.57812,89.33959,25.36308,897.2008,-65.72333,35.598774,0.29987755
2025-08-01,95.37872,79.503944,23.204576,872.0723,-25.128479,17.798681,0.24328882
2025-09-01,96.15826,59.978584,26.085007,886.4327,14.360352,-4.265686,0.27127162
2025-10-01,79.826675,43.54611,19.992949,896.1899,9.757202,6.5304165,0.2504545
2025-11-01,90.91358,25.730324,20.907946,928.71423,32.524353,11.750961,0.22997604
2025-12-01,63.84394,15.850397,19.496279,966.53235,37.818115,-9.320848,0.305374
